[{"model": "auth.permission", "pk": 1, "fields": {"name": "Can add log entry", "content_type": 1, "codename": "add_logentry"}}, {"model": "auth.permission", "pk": 2, "fields": {"name": "Can change log entry", "content_type": 1, "codename": "change_logentry"}}, {"model": "auth.permission", "pk": 3, "fields": {"name": "Can delete log entry", "content_type": 1, "codename": "delete_logentry"}}, {"model": "auth.permission", "pk": 4, "fields": {"name": "Can view log entry", "content_type": 1, "codename": "view_logentry"}}, {"model": "auth.permission", "pk": 5, "fields": {"name": "Can add permission", "content_type": 2, "codename": "add_permission"}}, {"model": "auth.permission", "pk": 6, "fields": {"name": "Can change permission", "content_type": 2, "codename": "change_permission"}}, {"model": "auth.permission", "pk": 7, "fields": {"name": "Can delete permission", "content_type": 2, "codename": "delete_permission"}}, {"model": "auth.permission", "pk": 8, "fields": {"name": "Can view permission", "content_type": 2, "codename": "view_permission"}}, {"model": "auth.permission", "pk": 9, "fields": {"name": "Can add group", "content_type": 3, "codename": "add_group"}}, {"model": "auth.permission", "pk": 10, "fields": {"name": "Can change group", "content_type": 3, "codename": "change_group"}}, {"model": "auth.permission", "pk": 11, "fields": {"name": "Can delete group", "content_type": 3, "codename": "delete_group"}}, {"model": "auth.permission", "pk": 12, "fields": {"name": "Can view group", "content_type": 3, "codename": "view_group"}}, {"model": "auth.permission", "pk": 13, "fields": {"name": "Can add content type", "content_type": 4, "codename": "add_contenttype"}}, {"model": "auth.permission", "pk": 14, "fields": {"name": "Can change content type", "content_type": 4, "codename": "change_contenttype"}}, {"model": "auth.permission", "pk": 15, "fields": {"name": "Can delete content type", "content_type": 4, "codename": "delete_contenttype"}}, {"model": "auth.permission", "pk": 16, "fields": {"name": "Can view content type", "content_type": 4, "codename": "view_contenttype"}}, {"model": "auth.permission", "pk": 17, "fields": {"name": "Can add session", "content_type": 5, "codename": "add_session"}}, {"model": "auth.permission", "pk": 18, "fields": {"name": "Can change session", "content_type": 5, "codename": "change_session"}}, {"model": "auth.permission", "pk": 19, "fields": {"name": "Can delete session", "content_type": 5, "codename": "delete_session"}}, {"model": "auth.permission", "pk": 20, "fields": {"name": "Can view session", "content_type": 5, "codename": "view_session"}}, {"model": "auth.permission", "pk": 21, "fields": {"name": "Can add \u041f\u0440\u043e\u0434\u0443\u043a\u0442", "content_type": 6, "codename": "add_product"}}, {"model": "auth.permission", "pk": 22, "fields": {"name": "Can change \u041f\u0440\u043e\u0434\u0443\u043a\u0442", "content_type": 6, "codename": "change_product"}}, {"model": "auth.permission", "pk": 23, "fields": {"name": "Can delete \u041f\u0440\u043e\u0434\u0443\u043a\u0442", "content_type": 6, "codename": "delete_product"}}, {"model": "auth.permission", "pk": 24, "fields": {"name": "Can view \u041f\u0440\u043e\u0434\u0443\u043a\u0442", "content_type": 6, "codename": "view_product"}}, {"model": "auth.permission", "pk": 25, "fields": {"name": "Can add \u041a\u0430\u0442\u0435\u0433\u043e\u0440\u0438\u044f", "content_type": 7, "codename": "add_productcategory"}}, {"model": "auth.permission", "pk": 26, "fields": {"name": "Can change \u041a\u0430\u0442\u0435\u0433\u043e\u0440\u0438\u044f", "content_type": 7, "codename": "change_productcategory"}}, {"model": "auth.permission", "pk": 27, "fields": {"name": "Can delete \u041a\u0430\u0442\u0435\u0433\u043e\u0440\u0438\u044f", "content_type": 7, "codename": "delete_productcategory"}}, {"model": "auth.permission", "pk": 28, "fields": {"name": "Can view \u041a\u0430\u0442\u0435\u0433\u043e\u0440\u0438\u044f", "content_type": 7, "codename": "view_productcategory"}}, {"model": "auth.permission", "pk": 29, "fields": {"name": "Can add user", "content_type": 8, "codename": "add_shopuser"}}, {"model": "auth.permission", "pk": 30, "fields": {"name": "Can change user", "content_type": 8, "codename": "change_shopuser"}}, {"model": "auth.permission", "pk": 31, "fields": {"name": "Can delete user", "content_type": 8, "codename": "delete_shopuser"}}, {"model": "auth.permission", "pk": 32, "fields": {"name": "Can view user", "content_type": 8, "codename": "view_shopuser"}}, {"model": "auth.permission", "pk": 33, "fields": {"name": "Can add basket", "content_type": 9, "codename": "add_basket"}}, {"model": "auth.permission", "pk": 34, "fields": {"name": "Can change basket", "content_type": 9, "codename": "change_basket"}}, {"model": "auth.permission", "pk": 35, "fields": {"name": "Can delete basket", "content_type": 9, "codename": "delete_basket"}}, {"model": "auth.permission", "pk": 36, "fields": {"name": "Can view basket", "content_type": 9, "codename": "view_basket"}}, {"model": "auth.permission", "pk": 37, "fields": {"name": "Can add association", "content_type": 10, "codename": "add_association"}}, {"model": "auth.permission", "pk": 38, "fields": {"name": "Can change association", "content_type": 10, "codename": "change_association"}}, {"model": "auth.permission", "pk": 39, "fields": {"name": "Can delete association", "content_type": 10, "codename": "delete_association"}}, {"model": "auth.permission", "pk": 40, "fields": {"name": "Can view association", "content_type": 10, "codename": "view_association"}}, {"model": "auth.permission", "pk": 41, "fields": {"name": "Can add code", "content_type": 11, "codename": "add_code"}}, {"model": "auth.permission", "pk": 42, "fields": {"name": "Can change code", "content_type": 11, "codename": "change_code"}}, {"model": "auth.permission", "pk": 43, "fields": {"name": "Can delete code", "content_type": 11, "codename": "delete_code"}}, {"model": "auth.permission", "pk": 44, "fields": {"name": "Can view code", "content_type": 11, "codename": "view_code"}}, {"model": "auth.permission", "pk": 45, "fields": {"name": "Can add nonce", "content_type": 12, "codename": "add_nonce"}}, {"model": "auth.permission", "pk": 46, "fields": {"name": "Can change nonce", "content_type": 12, "codename": "change_nonce"}}, {"model": "auth.permission", "pk": 47, "fields": {"name": "Can delete nonce", "content_type": 12, "codename": "delete_nonce"}}, {"model": "auth.permission", "pk": 48, "fields": {"name": "Can view nonce", "content_type": 12, "codename": "view_nonce"}}, {"model": "auth.permission", "pk": 49, "fields": {"name": "Can add user social auth", "content_type": 13, "codename": "add_usersocialauth"}}, {"model": "auth.permission", "pk": 50, "fields": {"name": "Can change user social auth", "content_type": 13, "codename": "change_usersocialauth"}}, {"model": "auth.permission", "pk": 51, "fields": {"name": "Can delete user social auth", "content_type": 13, "codename": "delete_usersocialauth"}}, {"model": "auth.permission", "pk": 52, "fields": {"name": "Can view user social auth", "content_type": 13, "codename": "view_usersocialauth"}}, {"model": "auth.permission", "pk": 53, "fields": {"name": "Can add partial", "content_type": 14, "codename": "add_partial"}}, {"model": "auth.permission", "pk": 54, "fields": {"name": "Can change partial", "content_type": 14, "codename": "change_partial"}}, {"model": "auth.permission", "pk": 55, "fields": {"name": "Can delete partial", "content_type": 14, "codename": "delete_partial"}}, {"model": "auth.permission", "pk": 56, "fields": {"name": "Can view partial", "content_type": 14, "codename": "view_partial"}}, {"model": "auth.permission", "pk": 57, "fields": {"name": "Can add shop user profile", "content_type": 15, "codename": "add_shopuserprofile"}}, {"model": "auth.permission", "pk": 58, "fields": {"name": "Can change shop user profile", "content_type": 15, "codename": "change_shopuserprofile"}}, {"model": "auth.permission", "pk": 59, "fields": {"name": "Can delete shop user profile", "content_type": 15, "codename": "delete_shopuserprofile"}}, {"model": "auth.permission", "pk": 60, "fields": {"name": "Can view shop user profile", "content_type": 15, "codename": "view_shopuserprofile"}}, {"model": "auth.permission", "pk": 61, "fields": {"name": "Can add order item", "content_type": 16, "codename": "add_orderitem"}}, {"model": "auth.permission", "pk": 62, "fields": {"name": "Can change order item", "content_type": 16, "codename": "change_orderitem"}}, {"model": "auth.permission", "pk": 63, "fields": {"name": "Can delete order item", "content_type": 16, "codename": "delete_orderitem"}}, {"model": "auth.permission", "pk": 64, "fields": {"name": "Can view order item", "content_type": 16, "codename": "view_orderitem"}}, {"model": "auth.permission", "pk": 65, "fields": {"name": "Can add \u0437\u0430\u043a\u0430\u0437", "content_type": 17, "codename": "add_order"}}, {"model": "auth.permission", "pk": 66, "fields": {"name": "Can change \u0437\u0430\u043a\u0430\u0437", "content_type": 17, "codename": "change_order"}}, {"model": "auth.permission", "pk": 67, "fields": {"name": "Can delete \u0437\u0430\u043a\u0430\u0437", "content_type": 17, "codename": "delete_order"}}, {"model": "auth.permission", "pk": 68, "fields": {"name": "Can view \u0437\u0430\u043a\u0430\u0437", "content_type": 17, "codename": "view_order"}}, {"model": "sessions.session", "pk": "7hvy7nijtbbqbzjwxk03w24bnjbfsri8", "fields": {"session_data": "NmM1ZWVhY2FkYzg2MWNjY2IzNTU5MGQ0MzJhNjQ1MmFkZjlkMmY5Mzp7fQ==", "expire_date": "2019-04-19T00:49:08.774Z"}}, {"model": "sessions.session", "pk": "e219pysnqspwllek752ic71fsgrt571v", "fields": {"session_data": "ODVhODE0NzljMWVjNWQyNzVhYTg4ZTdkNTc0MTY2MGNlNTA3NTk0NTp7Il9hdXRoX3VzZXJfaWQiOiIxIiwiX2F1dGhfdXNlcl9iYWNrZW5kIjoiZGphbmdvLmNvbnRyaWIuYXV0aC5iYWNrZW5kcy5Nb2RlbEJhY2tlbmQiLCJfYXV0aF91c2VyX2hhc2giOiJlYzlmYzJhZjJjZGIyYTlkNzE5YjljM2M3MWNiN2Q1ZWRjZDgyYjcxIn0=", "expire_date": "2019-06-01T16:12:17.176Z"}}, {"model": "sessions.session", "pk": "fjcdxm8o1q6zo4spzyyr8czjroheg8qh", "fields": {"session_data": "NmM1ZWVhY2FkYzg2MWNjY2IzNTU5MGQ0MzJhNjQ1MmFkZjlkMmY5Mzp7fQ==", "expire_date": "2019-04-19T00:16:06.216Z"}}, {"model": "sessions.session", "pk": "g6z1vqimcppycw84iiqj60i24irt4sfj", "fields": {"session_data": "NTRlNjYxZWQ3Y2VhYWVmMTQwN2JlMGE0Y2YwMTRiYTYyNDFhZDg2ZDp7InZrLW9hdXRoMl9zdGF0ZSI6ImFOR0E2cDBSbnZQSUZ3MHdzZURxeE9va1pUQ1ZpMGFDIiwiX2F1dGhfdXNlcl9pZCI6IjEiLCJfYXV0aF91c2VyX2JhY2tlbmQiOiJkamFuZ28uY29udHJpYi5hdXRoLmJhY2tlbmRzLk1vZGVsQmFja2VuZCIsIl9hdXRoX3VzZXJfaGFzaCI6ImVjOWZjMmFmMmNkYjJhOWQ3MTliOWMzYzcxY2I3ZDVlZGNkODJiNzEifQ==", "expire_date": "2019-05-13T21:44:52.893Z"}}, {"model": "sessions.session", "pk": "jlqz2k266cee1a28vlpea1bv369a99jy", "fields": {"session_data": "NmM1ZWVhY2FkYzg2MWNjY2IzNTU5MGQ0MzJhNjQ1MmFkZjlkMmY5Mzp7fQ==", "expire_date": "2019-04-19T00:32:18.383Z"}}, {"model": "sessions.session", "pk": "ka481qezt8o13r1zbxavh48jr8i2ynap", "fields": {"session_data": "NmM1ZWVhY2FkYzg2MWNjY2IzNTU5MGQ0MzJhNjQ1MmFkZjlkMmY5Mzp7fQ==", "expire_date": "2019-04-19T01:03:31.656Z"}}, {"model": "sessions.session", "pk": "l0csfmvj7kppbq4qn3s4vs0k2hhvdxbx", "fields": {"session_data": "NGM5NWVjMzdhMTliNGI2NWM5M2UyNDY4N2U5OTE3YTU5MWIxZmViNDp7Im5leHQiOiIvIiwidmstb2F1dGgyX3N0YXRlIjoicGxNRWk1bFdLakhvbzNiY3g3ODlObGdoTTVYZFFqSHEifQ==", "expire_date": "2019-05-16T09:11:03.727Z"}}, {"model": "sessions.session", "pk": "me3si5vf3om75w8skhbmwvluh5s0zptq", "fields": {"session_data": "NmM1ZWVhY2FkYzg2MWNjY2IzNTU5MGQ0MzJhNjQ1MmFkZjlkMmY5Mzp7fQ==", "expire_date": "2019-05-16T09:45:21.613Z"}}, {"model": "sessions.session", "pk": "n3wlr6onf96tk9eghgqj3m12q9lh5l24", "fields": {"session_data": "NmM1ZWVhY2FkYzg2MWNjY2IzNTU5MGQ0MzJhNjQ1MmFkZjlkMmY5Mzp7fQ==", "expire_date": "2019-05-12T20:15:46.190Z"}}, {"model": "sessions.session", "pk": "q69jycczesf7kjuhf6m261tnpspc91a6", "fields": {"session_data": "NmM1ZWVhY2FkYzg2MWNjY2IzNTU5MGQ0MzJhNjQ1MmFkZjlkMmY5Mzp7fQ==", "expire_date": "2019-05-13T20:15:45.167Z"}}, {"model": "sessions.session", "pk": "qbijcx6mio7z7tellff2p6l1o0zdizcm", "fields": {"session_data": "NmM1ZWVhY2FkYzg2MWNjY2IzNTU5MGQ0MzJhNjQ1MmFkZjlkMmY5Mzp7fQ==", "expire_date": "2019-04-24T22:29:21.256Z"}}, {"model": "sessions.session", "pk": "trftnglvcyyhy4dk0wo883s5cnooi5w8", "fields": {"session_data": "ZTBkYTllNTFkZmMwYzgxZTI2MjhmNmQ4YzFiM2E2MmNlNWE5OWQ0Yjp7Il9hdXRoX3VzZXJfaWQiOiIyIiwiX2F1dGhfdXNlcl9iYWNrZW5kIjoiZGphbmdvLmNvbnRyaWIuYXV0aC5iYWNrZW5kcy5Nb2RlbEJhY2tlbmQiLCJfYXV0aF91c2VyX2hhc2giOiIxNGU0NmQwZjFkYzhiZjNjMzdlYTAyYzRhZTliZTAyNGQ2ZTQ2NDNlIn0=", "expire_date": "2019-05-20T19:36:41.413Z"}}, {"model": "sessions.session", "pk": "tz3tzc9rv5mrfgdifagaao5bbwpj0k3c", "fields": {"session_data": "NmM1ZWVhY2FkYzg2MWNjY2IzNTU5MGQ0MzJhNjQ1MmFkZjlkMmY5Mzp7fQ==", "expire_date": "2019-04-19T00:55:23.343Z"}}, {"model": "sessions.session", "pk": "u2hg1clkwm9j3l95vz8ppxkmfmc6k3zf", "fields": {"session_data": "NmM1ZWVhY2FkYzg2MWNjY2IzNTU5MGQ0MzJhNjQ1MmFkZjlkMmY5Mzp7fQ==", "expire_date": "2019-04-19T01:04:03.341Z"}}, {"model": "sessions.session", "pk": "x6x18uyu6w91qvfzp9790m5c9fg265g0", "fields": {"session_data": "NmM1ZWVhY2FkYzg2MWNjY2IzNTU5MGQ0MzJhNjQ1MmFkZjlkMmY5Mzp7fQ==", "expire_date": "2019-04-19T00:32:24.512Z"}}, {"model": "sessions.session", "pk": "za1y4qbjm1j2e6qdmqjk6c2s6egq1l6w", "fields": {"session_data": "NmM1ZWVhY2FkYzg2MWNjY2IzNTU5MGQ0MzJhNjQ1MmFkZjlkMmY5Mzp7fQ==", "expire_date": "2019-04-19T00:32:15.057Z"}}, {"model": "mainapp.productcategory", "pk": 1, "fields": {"name": "\u0434\u043e\u043c", "description": "\u041e\u0442\u043b\u0438\u0447\u043d\u0430\u044f \u043c\u0435\u0431\u0435\u043b\u044c \u0434\u043b\u044f \u0434\u043e\u043c\u0430\u0448\u043d\u0435\u0433\u043e \u0438\u043d\u0442\u0435\u0440\u044c\u0435\u0440\u0430.", "is_active": true}}, {"model": "mainapp.productcategory", "pk": 2, "fields": {"name": "\u043e\u0444\u0438\u0441", "description": "\u0421\u0442\u0438\u043b\u044c\u043d\u0430\u044f \u0438 \u043d\u0430\u0434\u0435\u0436\u043d\u0430\u044f \u043c\u0435\u0431\u0435\u043b\u044c \u043d\u043e\u0432\u043e\u0433\u043e \u043f\u043e\u043a\u043e\u043b\u0435\u043d\u0438\u044f.", "is_active": true}}, {"model": "mainapp.productcategory", "pk": 3, "fields": {"name": "\u043c\u043e\u0434\u0435\u0440\u043d", "description": "\u041c\u0435\u0431\u0435\u043b\u044c \u0432 \u0441\u0442\u0438\u043b\u0435 \u043c\u043e\u0434\u0435\u0440\u043d \u043f\u043e\u0434\u043e\u0439\u0434\u0435\u0442 \u0434\u043b\u044f \u043b\u044e\u0431\u043e\u0433\u043e \u0438\u043d\u0442\u0435\u0440\u044c\u0435\u0440\u0430.", "is_active": true}}, {"model": "mainapp.productcategory", "pk": 4, "fields": {"name": "\u043a\u043b\u0430\u0441\u0441\u0438\u043a\u0430", "description": "\u041a\u043b\u0430\u0441\u0441\u0438\u0447\u0435\u0441\u043a\u0438\u0439 \u0441\u0442\u0438\u043b\u044c \u0430\u043a\u0442\u0443\u0430\u043b\u0435\u043d \u0432 \u043b\u044e\u0431\u044b\u0435 \u0432\u0440\u0435\u043c\u0435\u043d\u0430.", "is_active": true}}, {"model": "mainapp.productcategory", "pk": 5, "fields": {"name": "\u0414\u0430\u0447\u043d\u0430\u044f \u043c\u0435\u0431\u0435\u043b\u044c", "description": "\u041e\u0442 \u0434\u0435\u0440\u0435\u0432\u044f\u043d\u043d\u044b\u0445 \u0434\u043e \u0436\u0435\u043b\u0435\u0437\u043d\u044b\u0445", "is_active": true}}, {"model": "mainapp.productcategory", "pk": 6, "fields": {"name": "\u043f\u0440\u043e\u0438\u0437\u0432\u043e\u0434\u0441\u0442\u0432\u0435\u043d\u043d\u0430\u044f \u043c\u0435\u0431\u0435\u043b\u044c", "description": "\u0441\u0442\u0443\u043b\u044c\u044f \u0438 \u0441\u0442\u043e\u043b\u044b \u0434\u043b\u044f \u043f\u0440\u043e\u0438\u0437\u0432\u043e\u0434\u0441\u0442\u0432\u0430", "is_active": false}}, {"model": "mainapp.product", "pk": 1, "fields": {"category": 1, "name": "\u043a\u043e\u043c\u0444\u043e\u0440\u0442 1", "image": "products_images/product-1.jpg", "short_desc": "\u043a\u043e\u043c\u0444\u043e\u0440\u0442\u043d\u044b\u0439 \u0441\u0442\u0443\u043b", "description": "\u043f\u043e\u0434\u043e\u0439\u0434\u0435\u0442 \u0434\u043b\u044f \u043f\u0440\u043e\u0441\u043c\u043e\u0442\u0440\u0430 \u0444\u0438\u043b\u044c\u043c\u043e\u0432", "price": "2989.50", "quantity": 17, "is_active": true}}, {"model": "mainapp.product", "pk": 2, "fields": {"category": 2, "name": "\u043a\u043e\u043c\u0444\u043e\u0440\u0442 2", "image": "product_images/product-2.jpg", "short_desc": "\u043e\u0447\u0435\u043d\u044c \u043a\u043e\u043c\u0444\u043e\u0440\u0442\u043d\u044b\u0439 \u0441\u0442\u0443\u043b", "description": "\u043f\u043e\u0434\u043e\u0439\u0434\u0435\u0442 \u0434\u043b\u044f \u043e\u0431\u0449\u0435\u043d\u0438\u044f \u0441 \u0434\u0440\u0443\u0437\u044c\u044f\u043c\u0438", "price": "3687.20", "quantity": 20, "is_active": true}}, {"model": "mainapp.product", "pk": 3, "fields": {"category": 3, "name": "\u043b\u044e\u043a\u0441", "image": "product_images/product-3.jpg", "short_desc": "\u0438\u0441\u043f\u043e\u043b\u044c\u0437\u043e\u0432\u0430\u043d\u044b \u043f\u0440\u0435\u043c\u0438\u0430\u043b\u044c\u043d\u044b\u0435 \u043c\u0430\u0442\u0435\u0440\u0438\u0430\u043b\u044b", "description": "\u0434\u043b\u044f \u0442\u0435\u0445, \u043a\u0442\u043e \u0441\u0442\u0440\u0435\u043c\u0438\u0442\u0441\u044f \u043a \u043b\u0443\u0447\u0448\u0435\u043c\u0443", "price": "8157.20", "quantity": 0, "is_active": true}}, {"model": "mainapp.product", "pk": 4, "fields": {"category": 4, "name": "\u0441\u0442\u0430\u043d\u0434\u0430\u0440\u0442", "image": "product_images/product-4.jpg", "short_desc": "\u0443\u043d\u0438\u0432\u0435\u0440\u0441\u0430\u043b\u044c\u043d\u043e\u0435 \u0440\u0435\u0448\u0435\u043d\u0438\u0435", "description": "", "price": "1895.50", "quantity": 12, "is_active": true}}, {"model": "mainapp.product", "pk": 5, "fields": {"category": 1, "name": "C\u043e\u0444\u0430", "image": "products_images/product-3-sm.jpg", "short_desc": "\u041e\u0447\u0435\u043d\u044c \u0443\u0434\u043e\u0431\u043d\u044b\u0439 \u0434\u0438\u0432\u0430\u043d", "description": "", "price": "25000.00", "quantity": 23, "is_active": true}}, {"model": "mainapp.product", "pk": 6, "fields": {"category": 2, "name": "\u0427\u0430\u0441\u044b \u043e\u0444\u0438\u0441\u043d\u044b\u0435", "image": "products_images/product-4-sm.jpg", "short_desc": "\u0432 \u0441\u0442\u0438\u043b\u0435 \u043e\u0444\u0438\u0441\u043d\u043e\u0433\u043e \u043f\u043b\u0430\u043d\u043a\u0442\u043e\u043d\u0430", "description": "", "price": "2500.00", "quantity": 4, "is_active": true}}, {"model": "mainapp.product", "pk": 7, "fields": {"category": 3, "name": "\u0421\u0432\u0435\u0442\u0438\u043b\u044c\u043d\u0438\u043a \u043c\u043e\u0434\u0435\u0440\u043d\u043e\u0432\u044b\u0439", "image": "products_images/product-2-sm.jpg", "short_desc": "\u041c\u0430\u0442\u044c \u0435\u0433\u043e - \u043e\u043d \u0441\u0432\u0435\u0442\u0438\u0442", "description": "", "price": "7800.00", "quantity": 5, "is_active": false}}, {"model": "mainapp.product", "pk": 8, "fields": {"category": 4, "name": "\u0410\u0431\u0430\u0436\u0443\u0440 \u043a\u043b\u0430\u0441\u0441\u0438\u0447\u0435\u0441\u043a\u0438\u0439", "image": "products_images/product-5-sm.jpg", "short_desc": "\u041c\u0435\u0442\u0430\u043b\u043b", "description": "", "price": "4500.00", "quantity": 9, "is_active": true}}, {"model": "mainapp.product", "pk": 9, "fields": {"category": 1, "name": "\u0421\u0442\u0443\u043f\u0430", "image": "products_images/product-51-sm_ysCLhT9.jpg", "short_desc": "\u0433\u0440\u0430\u043d\u0438\u0442\u043d\u0430\u044f \u0441\u0442\u0443\u043f\u0430", "description": "\u042d\u043a\u0441\u043a\u043b\u044e\u0437\u0438\u0432\u043d\u044b\u0439 \u0432\u0430\u0440\u0438\u0430\u043d\u0442", "price": "2500.00", "quantity": 2, "is_active": true}}, {"model": "mainapp.product", "pk": 10, "fields": {"category": 5, "name": "\u0434\u0430\u0447\u043d\u0430\u044f \u0441\u043a\u0430\u043c\u044c\u044f", "image": "products_images/product-21.jpg", "short_desc": "\u0438\u0437 \u0434\u0443\u0431\u0430", "description": "\u0441 \u043e\u0440\u043d\u0430\u043c\u0435\u043d\u0442\u043e\u043c", "price": "2501.00", "quantity": 8, "is_active": true}}, {"model": "mainapp.product", "pk": 11, "fields": {"category": 5, "name": "\u0412\u0435\u043b\u0438\u043a\u043e\u043b\u0435\u043f\u043d\u044b\u0439 \u0441\u0442\u043e\u043b", "image": "products_images/product-2-sm_dhV3Jx2.jpg", "short_desc": "\u044b\u0432\u043f\u043c\u044f\u044b\u0432\u043c", "description": "\u0430\u0441\u0438 \u043c\u044f\u0432\u0430\u0438\u043c", "price": "500.00", "quantity": 5, "is_active": true}}, {"model": "mainapp.product", "pk": 12, "fields": {"category": 1, "name": "\u0412\u0435\u043b\u0438\u043a\u043e\u043b\u0435\u043f\u043d\u044b\u0439 \u0441\u0442\u043e\u043b", "image": "products_images/2-05-preview.jpg", "short_desc": "1234", "description": "4321", "price": "753.00", "quantity": 3, "is_active": false}}, {"model": "mainapp.product", "pk": 13, "fields": {"category": 5, "name": "\u0412\u0435\u043b\u0438\u043a\u043e\u043b\u0435\u043f\u043d\u044b\u0439 \u0441\u0442\u0443\u043b", "image": "products_images/slider1.jpg", "short_desc": "1234", "description": "4321", "price": "7530.00", "quantity": 5, "is_active": true}}, {"model": "mainapp.product", "pk": 14, "fields": {"category": 1, "name": "111", "image": "", "short_desc": "1", "description": "1", "price": "111.00", "quantity": 1, "is_active": false}}, {"model": "mainapp.product", "pk": 15, "fields": {"category": 1, "name": "\u0424\u044d\u043d\u0442\u0435\u0437\u0438", "image": "products_images/mobile-back_bKzhar9.jpg", "short_desc": "1", "description": "1", "price": "50000.00", "quantity": 2, "is_active": false}}, {"model": "authapp.shopuser", "pk": 1, "fields": {"password": "pbkdf2_sha256$150000$pND3pFhZyxO4$ske44PJ4bQtQ+qOFkMBoc8D3b+Heuavq3MfzP2szxes=", "last_login": "2019-05-18T16:12:17.171Z", "is_superuser": true, "username": "django", "first_name": "", "last_name": "", "email": "django@geekshop.local", "is_staff": true, "is_active": true, "date_joined": "2019-04-04T23:29:43Z", "avatar": "users_avatars/4eb9eab9455d2924a26fdc2d497971ac_AXdXRec.jpg", "age": 29, "activation_key": "", "activation_key_expires": "2019-04-28T21:21:33.487Z", "groups": [], "user_permissions": []}}, {"model": "authapp.shopuser", "pk": 18, "fields": {"password": "!6GqCsuPt2ama3dvVjRDfeE28hvSKEGF6wcQem0UB", "last_login": "2019-05-17T00:04:52.946Z", "is_superuser": false, "username": "randommax", "first_name": "\u041c\u0430\u043a\u0441\u0438\u043c", "last_name": "\u041c\u0430\u043a\u0430\u0440\u043e\u0432", "email": "random-max@mail.ru", "is_staff": false, "is_active": true, "date_joined": "2019-05-06T20:15:59.216Z", "avatar": "https://pp.userapi.com/c636217/v636217199/9601/F3oSzsq1Qao.jpg?ava=1", "age": 40, "activation_key": "", "activation_key_expires": "2019-05-08T20:15:59.216Z", "groups": [], "user_permissions": []}}, {"model": "authapp.shopuserprofile", "pk": 1, "fields": {"tags": "", "aboutMe": "", "gender": "M", "lang": "0", "link_social": "", "photo_vk": ""}}, {"model": "authapp.shopuserprofile", "pk": 18, "fields": {"tags": "", "aboutMe": "", "gender": "M", "lang": "0", "link_social": "https://vk.com/randommax", "photo_vk": "https://pp.userapi.com/c636217/v636217199/95ff/Ia0N6bba49A.jpg?ava=1"}}, {"model": "ordersapp.order", "pk": 1, "fields": {"user": 18, "created": "2019-05-13T22:38:14.135Z", "updated": "2019-05-13T23:27:04.465Z", "status": "FM", "is_active": true}}, {"model": "ordersapp.order", "pk": 2, "fields": {"user": 18, "created": "2019-05-13T23:42:01.561Z", "updated": "2019-05-13T23:42:16.900Z", "status": "FM", "is_active": false}}, {"model": "ordersapp.order", "pk": 3, "fields": {"user": 18, "created": "2019-05-14T00:06:11.283Z", "updated": "2019-05-14T00:06:21.711Z", "status": "STP", "is_active": true}}, {"model": "ordersapp.order", "pk": 4, "fields": {"user": 1, "created": "2019-05-16T19:37:25.087Z", "updated": "2019-05-18T22:35:47.660Z", "status": "FM", "is_active": true}}, {"model": "ordersapp.order", "pk": 5, "fields": {"user": 1, "created": "2019-05-16T23:12:34.092Z", "updated": "2019-05-16T23:27:52.156Z", "status": "STP", "is_active": true}}, {"model": "ordersapp.orderitem", "pk": 1, "fields": {"order": 1, "product": 11, "quantity": 3}}, {"model": "ordersapp.orderitem", "pk": 2, "fields": {"order": 1, "product": 2, "quantity": 2}}, {"model": "ordersapp.orderitem", "pk": 3, "fields": {"order": 2, "product": 5, "quantity": 3}}, {"model": "ordersapp.orderitem", "pk": 4, "fields": {"order": 3, "product": 2, "quantity": 1}}, {"model": "ordersapp.orderitem", "pk": 5, "fields": {"order": 3, "product": 6, "quantity": 1}}, {"model": "ordersapp.orderitem", "pk": 6, "fields": {"order": 3, "product": 3, "quantity": 2}}, {"model": "ordersapp.orderitem", "pk": 7, "fields": {"order": 3, "product": 11, "quantity": 1}}, {"model": "ordersapp.orderitem", "pk": 8, "fields": {"order": 4, "product": 10, "quantity": 2}}, {"model": "ordersapp.orderitem", "pk": 15, "fields": {"order": 5, "product": 6, "quantity": 5}}, {"model": "ordersapp.orderitem", "pk": 16, "fields": {"order": 5, "product": 9, "quantity": 2}}, {"model": "ordersapp.orderitem", "pk": 17, "fields": {"order": 5, "product": 3, "quantity": 1}}, {"model": "ordersapp.orderitem", "pk": 18, "fields": {"order": 5, "product": 2, "quantity": 1}}, {"model": "ordersapp.orderitem", "pk": 21, "fields": {"order": 4, "product": 9, "quantity": 1}}, {"model": "ordersapp.orderitem", "pk": 22, "fields": {"order": 4, "product": 8, "quantity": 4}}, {"model": "ordersapp.orderitem", "pk": 25, "fields": {"order": 4, "product": 6, "quantity": 1}}, {"model": "ordersapp.orderitem", "pk": 26, "fields": {"order": 4, "product": 3, "quantity": 2}}, {"model": "social_django.usersocialauth", "pk": 6, "fields": {"user": 18, "provider": "vk-oauth2", "uid": "6840199", "extra_data": "{\"auth_time\": 1558051492, \"id\": 6840199, \"expires\": 86400, \"access_token\": \"0315565a20135a274c2f020d7e54a5550360772d6026814eb862badb2d447b34a2fc043470b20bc45ddc2\", \"token_type\": null}"}}]